-- Following code will create three procedures
-- 1. load_emp_schema : To create tables and load data in it.
-- 2. clean_emp_schema : To drop all tables that we have created in schema
-- 3. drop_and_reload : To call clean_scott_schema and the refresh_scott.

DELIMITER #
CREATE PROCEDURE load_emp_schema()
BEGIN

CREATE TABLE EMP
       (EMPNO INT UNSIGNED NOT NULL,
        ENAME VARCHAR(10),
        JOB VARCHAR(9),
        MGR INT UNSIGNED,
        HIREDATE DATE,
        SAL FLOAT,
        COMM FLOAT,
        DEPTNO INT UNSIGNED);

INSERT INTO EMP VALUES
        (7369, 'SMITH',  'CLERK',     7902,
        STR_TO_DATE('17-DEC-1980', '%d-%b-%Y'),  800, NULL, 20);
INSERT INTO EMP VALUES
        (7499, 'ALLEN',  'SALESMAN',  7698,
        STR_TO_DATE('20-FEB-1981', '%d-%b-%Y'), 1600,  300, 30);
INSERT INTO EMP VALUES
        (7521, 'WARD',   'SALESMAN',  7698,
        STR_TO_DATE('22-FEB-1981', '%d-%b-%Y'), 1250,  500, 30);
INSERT INTO EMP VALUES
        (7566, 'JONES',  'MANAGER',   7839,
        STR_TO_DATE('2-APR-1981', '%d-%b-%Y'),  2975, NULL, 20);
INSERT INTO EMP VALUES
        (7654, 'MARTIN', 'SALESMAN',  7698,
        STR_TO_DATE('28-SEP-1981', '%d-%b-%Y'), 1250, 1400, 30);
INSERT INTO EMP VALUES
        (7698, 'BLAKE',  'MANAGER',   7839,
        STR_TO_DATE('1-MAY-1981', '%d-%b-%Y'),  2850, NULL, 30);
INSERT INTO EMP VALUES
        (7782, 'CLARK',  'MANAGER',   7839,
        STR_TO_DATE('9-JUN-1981', '%d-%b-%Y'),  2450, NULL, 10);
INSERT INTO EMP VALUES
        (7788, 'SCOTT',  'ANALYST',   7566,
        STR_TO_DATE('09-DEC-1982', '%d-%b-%Y'), 3000, NULL, 20);
INSERT INTO EMP VALUES
        (7839, 'KING',   'PRESIDENT', NULL,
        STR_TO_DATE('17-NOV-1981', '%d-%b-%Y'), 5000, NULL, 10);
INSERT INTO EMP VALUES
        (7844, 'TURNER', 'SALESMAN',  7698,
        STR_TO_DATE('8-SEP-1981', '%d-%b-%Y'),  1500,    0, 30);
INSERT INTO EMP VALUES
        (7876, 'ADAMS',  'CLERK',     7788,
        STR_TO_DATE('12-JAN-1983', '%d-%b-%Y'), 1100, NULL, 20);
INSERT INTO EMP VALUES
        (7900, 'JAMES',  'CLERK',     7698,
        STR_TO_DATE('3-DEC-1981', '%d-%b-%Y'),   950, NULL, 30);
INSERT INTO EMP VALUES
        (7902, 'FORD',   'ANALYST',   7566,
        STR_TO_DATE('3-DEC-1981', '%d-%b-%Y'),  3000, NULL, 20);
INSERT INTO EMP VALUES
        (7934, 'MILLER', 'CLERK',     7782,
        STR_TO_DATE('23-JAN-1982', '%d-%b-%Y'), 1300, NULL, 10);

CREATE TABLE DEPT
       (DEPTNO INT UNSIGNED,
        DNAME VARCHAR(14),
        LOC VARCHAR(13));

INSERT INTO DEPT VALUES (10, 'ACCOUNTING', 'NEW YORK');
INSERT INTO DEPT VALUES (20, 'RESEARCH',   'DALLAS');
INSERT INTO DEPT VALUES (30, 'SALES',      'CHICAGO');
INSERT INTO DEPT VALUES (40, 'OPERATIONS', 'BOSTON');

CREATE TABLE BONUS
        (ENAME VARCHAR(10),
         JOB   VARCHAR(9),
         SAL   INT UNSIGNED,
         COMM  INT UNSIGNED);

CREATE TABLE SALGRADE
        (GRADE INT,
         LOSAL INT,
         HISAL INT);

INSERT INTO SALGRADE VALUES (1,  700, 1200);
INSERT INTO SALGRADE VALUES (2, 1201, 1400);
INSERT INTO SALGRADE VALUES (3, 1401, 2000);
INSERT INTO SALGRADE VALUES (4, 2001, 3000);
INSERT INTO SALGRADE VALUES (5, 3001, 9999);

CREATE TABLE DUMMY
        (DUMMY INT);

INSERT INTO DUMMY VALUES (0);

END#


DELIMITER #
CREATE PROCEDURE clean_emp_schema()
BEGIN
    DROP TABLE IF EXISTS dept;
    DROP TABLE IF EXISTS emp;
    DROP TABLE IF EXISTS salgrade;
    DROP TABLE IF EXISTS dummy;
END#

DELIMITER #
CREATE PROCEDURE drop_and_reload()
BEGIN
	call clean_emp_schema();
	call load_emp_schema();
    SELECT sysdate();
END#

call drop_and_reload();

show tables;


